{
    "width": 980,
    "height": 186,
    "cx": [
        [
            "TYPEBILLET",
            50
        ],
        [
            "BILLET",
            150
        ],
        [
            "SPECTATEUR",
            254
        ],
        [
            "EVENEMENT",
            374
        ],
        [
            "LIEU",
            487
        ],
        [
            "HEBERGEMENT",
            609
        ],
        [
            "FAVORIS",
            726
        ],
        [
            "GROUPE",
            822
        ],
        [
            "ARTISTE",
            928
        ],
        [
            "FAITPARTIEDE",
            487
        ]
    ],
    "cy": [
        [
            "TYPEBILLET",
            60
        ],
        [
            "BILLET",
            60
        ],
        [
            "SPECTATEUR",
            60
        ],
        [
            "EVENEMENT",
            60
        ],
        [
            "LIEU",
            60
        ],
        [
            "HEBERGEMENT",
            60
        ],
        [
            "FAVORIS",
            60
        ],
        [
            "GROUPE",
            60
        ],
        [
            "ARTISTE",
            60
        ],
        [
            "FAITPARTIEDE",
            152
        ]
    ],
    "shift": [
        [
            "FAITPARTIEDE,ARTISTE,0",
            0
        ],
        [
            "FAITPARTIEDE,GROUPE,0",
            0
        ]
    ],
    "ratio": []
}